Workbook

Sheet Itemized Report
A1: SL No | B1: Item | G1: QTY/MTR | H1: No. of Cuts | I1: Purchase Rate | J1: Discount | L1: Final Rate | M1: Before Tax | N1: GST Amount | Q1: Net Amount | R1: RSP | S1: WSP | T1: DP | U1: Variant | V1: Action
B2: Code | C2: Name | D2: HSN | E2: GST Slab | F2: UOM | J2: % | K2: R.Off | N2: IGST | O2: CGST | P2: SGST
A3: 1 | B3: 8A1576 | C3: 15-SA-PURE | D3: 500720 | E3: GST 5 % | F3: Pc(s) | G3: 1 | I3: 11800 | J3: 0 | K3: 0 | L3: 11800 | M3: 11800 | N3: 590 | O3: 0 | P3: 0 | Q3: 12390 | R3: 19980 | S3: 13570 | T3: 15340
A4: 2 | B4: 8A1577 | C4: 15-SA-PURE | D4: 500720 | E4: GST 5 % | F4: Pc(s) | G4: 1 | I4: 11800 | J4: 0 | K4: 0 | L4: 11800 | M4: 11800 | N4: 590 | O4: 0 | P4: 0 | Q4: 12390 | R4: 19980 | S4: 13570 | T4: 15340
A5: 3 | B5: 8A1578 | C5: 15-SA-PURE | D5: 500720 | E5: GST 5 % | F5: Pc(s) | G5: 1 | I5: 11800 | J5: 0 | K5: 0 | L5: 11800 | M5: 11800 | N5: 590 | O5: 0 | P5: 0 | Q5: 12390 | R5: 19980 | S5: 13570 | T5: 15340
A6: 4 | B6: 8A1579 | C6: 15-SA-PURE | D6: 500720 | E6: GST 5 % | F6: Pc(s) | G6: 1 | I6: 11800 | J6: 0 | K6: 0 | L6: 11800 | M6: 11800 | N6: 590 | O6: 0 | P6: 0 | Q6: 12390 | R6: 19980 | S6: 13570 | T6: 15340
A7: 5 | B7: 8A1580 | C7: 15-SA-PURE | D7: 500720 | E7: GST 5 % | F7: Pc(s) | G7: 1 | I7: 11800 | J7: 0 | K7: 0 | L7: 11800 | M7: 11800 | N7: 590 | O7: 0 | P7: 0 | Q7: 12390 | R7: 19980 | S7: 13570 | T7: 15340
A8: 6 | B8: 8A1581 | C8: 15-SA-PURE | D8: 500720 | E8: GST 5 % | F8: Pc(s) | G8: 1 | I8: 11800 | J8: 0 | K8: 0 | L8: 11800 | M8: 11800 | N8: 590 | O8: 0 | P8: 0 | Q8: 12390 | R8: 19980 | S8: 13570 | T8: 15340
A9: 7 | B9: 8A1582 | C9: 15-SA-PURE | D9: 500720 | E9: GST 5 % | F9: Pc(s) | G9: 1 | I9: 11800 | J9: 0 | K9: 0 | L9: 11800 | M9: 11800 | N9: 590 | O9: 0 | P9: 0 | Q9: 12390 | R9: 19980 | S9: 13570 | T9: 15340
A10: 8 | B10: 8A1583 | C10: 15-SA-PURE | D10: 500720 | E10: GST 5 % | F10: Pc(s) | G10: 1 | I10: 11800 | J10: 0 | K10: 0 | L10: 11800 | M10: 11800 | N10: 590 | O10: 0 | P10: 0 | Q10: 12390 | R10: 19980 | S10: 13570 | T10: 15340
A11: 9 | B11: 8A1584 | C11: 15-SA-PURE | D11: 500720 | E11: GST 5 % | F11: Pc(s) | G11: 1 | I11: 11800 | J11: 0 | K11: 0 | L11: 11800 | M11: 11800 | N11: 590 | O11: 0 | P11: 0 | Q11: 12390 | R11: 19980 | S11: 13570 | T11: 15340
A12: 10 | B12: 8A1585 | C12: 15-SA-PURE | D12: 500720 | E12: GST 5 % | F12: Pc(s) | G12: 1 | I12: 12500 | J12: 0 | K12: 0 | L12: 12500 | M12: 12500 | N12: 625 | O12: 0 | P12: 0 | Q12: 13125 | R12: 21980 | S12: 14375 | T12: 16250
A13: Total | G13: =SUM(G3:G12) -> 10 | M13: =SUM(M3:M12) -> 118700 | N13: =SUM(N3:N12) -> 5935 | Q13: =SUM(Q3:Q12) -> 124635
A15: Item Summary
A16: Sl No | B16: Bill Sl No | C16: Item Name | D16: QTY | E16: Before GST Amount | F16: GST Amount | G16: Net Amount
A17: 1 | B17: 1 | C17: =C3 -> 15-SA-PURE | D17: =SUM(G3:G11) -> 9 | E17: =SUM(M3:M11) -> 106200 | F17: =ROUND(E17*5%,2) -> 5310 | G17: =E17+F17 -> 111510
A18: 2 | B18: 2 | C18: =C12 -> 15-SA-PURE | D18: =SUM(G12:G12) -> 1 | E18: =SUM(M12:M12) -> 12500 | F18: =ROUND(E18*5%,2) -> 625 | G18: =E18+F18 -> 13125
A19: Total | D19: =SUM(D17:D18) -> 10 | E19: =SUM(E17:E18) -> 118700 | F19: =SUM(F17:F18) -> 5935 | G19: =SUM(G17:G18) -> 124635

Sheet Item Summary
A1: Sl No | B1: Bill Sl No | C1: Item Name | D1: QTY | E1: Before GST Amount | F1: GST Amount | G1: Net Amount
A2: ='Itemized Report'!A17 -> 1 | B2: ='Itemized Report'!B17 -> 1 | C2: ='Itemized Report'!C17 -> 15-SA-PURE | D2: ='Itemized Report'!D17 -> 9 | E2: ='Itemized Report'!E17 -> 106200 | F2: ='Itemized Report'!F17 -> 5310 | G2: ='Itemized Report'!G17 -> 111510
A3: ='Itemized Report'!A18 -> 2 | B3: ='Itemized Report'!B18 -> 2 | C3: ='Itemized Report'!C18 -> 15-SA-PURE | D3: ='Itemized Report'!D18 -> 1 | E3: ='Itemized Report'!E18 -> 12500 | F3: ='Itemized Report'!F18 -> 625 | G3: ='Itemized Report'!G18 -> 13125
A4: Total | D4: =SUM(D2:D3) -> 10 | E4: =SUM(E2:E3) -> 118700 | F4: =SUM(F2:F3) -> 5935 | G4: =SUM(G2:G3) -> 124635
